"sites","percent_captured"
10,19.6510051065576
20,33.57185090228
30,45.1740489622026
40,57.5130582570287
50,65.5774974871671
