"quantile","value"
"mean",0.0196033236273154
"p50",0.0180601560681878
"p90",0.0368650986169186
"p95",0.0407415258514734
"p99",0.0445788675138455
"max",0.0505923661757768
